"","SnowFrac","Mode","Drought","Watershed","Skill","IncrementalSkill","UncertaintyContrib","BarNum"
"1",0.1,"StationForecast","AllConditions","Tuolumne",0.328715134851683,0.328715134851683,0.230513503223942,1
"2",0.3,"StationForecast","AllConditions","Tuolumne",0.52218012907107,0.52218012907107,0.175386745780315,1
"3",0.5,"StationForecast","AllConditions","Tuolumne",0.623592501783973,0.623592501783973,0.141945567460205,1
"4",0.7,"StationForecast","AllConditions","Tuolumne",0.685467671690763,0.685467671690763,0.120368784475823,1
"5",0.9,"StationForecast","AllConditions","Tuolumne",0.726065379500325,0.726065379500325,0.106214415428722,1
"6",0.1,"ASOForecast","AllConditions","Tuolumne",0.559228638075625,0.230513503223942,0.107198769145351,1
"7",0.3,"ASOForecast","AllConditions","Tuolumne",0.697566874851385,0.175386745780315,0.08321129718703,1
"8",0.5,"ASOForecast","AllConditions","Tuolumne",0.765538069244178,0.141945567460205,0.0665282258386115,1
"9",0.7,"ASOForecast","AllConditions","Tuolumne",0.805836456166586,0.120368784475823,0.0556256820139223,1
"10",0.9,"ASOForecast","AllConditions","Tuolumne",0.832279794929047,0.106214415428722,0.0477903176378672,1
"11",0.1,"ASOBackcast","AllConditions","Tuolumne",0.666427407220975,0.107198769145351,0.333572592779025,1
"12",0.3,"ASOBackcast","AllConditions","Tuolumne",0.780778172038415,0.08321129718703,0.219221827961585,1
"13",0.5,"ASOBackcast","AllConditions","Tuolumne",0.83206629508279,0.0665282258386115,0.16793370491721,1
"14",0.7,"ASOBackcast","AllConditions","Tuolumne",0.861462138180508,0.0556256820139223,0.138537861819492,1
"15",0.9,"ASOBackcast","AllConditions","Tuolumne",0.880070112566914,0.0477903176378672,0.119929887433086,1
"16",0.1,"StationForecastDrought","Drought","Tuolumne",0.358066477965369,0.358066477965369,0.208893484086062,2
"17",0.3,"StationForecastDrought","Drought","Tuolumne",0.497675600801725,0.497675600801725,0.171584295198381,2
"18",0.5,"StationForecastDrought","Drought","Tuolumne",0.571120783244872,0.571120783244872,0.151076530669415,2
"19",0.7,"StationForecastDrought","Drought","Tuolumne",0.617752710150597,0.617752710150597,0.139015477634336,2
"20",0.9,"StationForecastDrought","Drought","Tuolumne",0.661898770183528,0.661898770183528,0.125598944926573,2
"21",0.1,"ASOForecastDrought","Drought","Tuolumne",0.566959962051431,0.208893484086062,0.0795159829459465,2
"22",0.3,"ASOForecastDrought","Drought","Tuolumne",0.669259896000106,0.171584295198381,0.0915474992632948,2
"23",0.5,"ASOForecastDrought","Drought","Tuolumne",0.722197313914287,0.151076530669415,0.0899448898289376,2
"24",0.7,"ASOForecastDrought","Drought","Tuolumne",0.756768187784932,0.139015477634336,0.081099649601441,2
"25",0.9,"ASOForecastDrought","Drought","Tuolumne",0.787497715110101,0.125598944926573,0.0699415625859202,2
"26",0.1,"ASOBackcastDrought","Drought","Tuolumne",0.646475944997377,0.0795159829459465,0.353524055002623,2
"27",0.3,"ASOBackcastDrought","Drought","Tuolumne",0.760807395263401,0.0915474992632948,0.239192604736599,2
"28",0.5,"ASOBackcastDrought","Drought","Tuolumne",0.812142203743225,0.0899448898289376,0.187857796256775,2
"29",0.7,"ASOBackcastDrought","Drought","Tuolumne",0.837867837386373,0.081099649601441,0.162132162613627,2
"30",0.9,"ASOBackcastDrought","Drought","Tuolumne",0.857439277696021,0.0699415625859202,0.142560722303979,2
"31",0.1,"StationForecast","AllConditions","Merced",0.126190610710278,0.126190610710278,0.323280090555717,3
"32",0.3,"StationForecast","AllConditions","Merced",0.35511501758879,0.35511501758879,0.260209025862145,3
"33",0.5,"StationForecast","AllConditions","Merced",0.48218361830071,0.48218361830071,0.21814202377984,3
"34",0.7,"StationForecast","AllConditions","Merced",0.561624388725168,0.561624388725168,0.189587801754488,3
"35",0.9,"StationForecast","AllConditions","Merced",0.614369187947172,0.614369187947172,0.17028917185107,3
"36",0.1,"ASOForecast","AllConditions","Merced",0.449470701265995,0.323280090555717,0.0802441597919455,3
"37",0.3,"ASOForecast","AllConditions","Merced",0.615324043450935,0.260209025862145,0.0661720652278942,3
"38",0.5,"ASOForecast","AllConditions","Merced",0.70032564208055,0.21814202377984,0.0535200418076912,3
"39",0.7,"ASOForecast","AllConditions","Merced",0.751212190479656,0.189587801754488,0.044757615133973,3
"40",0.9,"ASOForecast","AllConditions","Merced",0.784658359798242,0.17028917185107,0.0381680967021507,3
"41",0.1,"ASOBackcast","AllConditions","Merced",0.529714861057941,0.0802441597919455,0.470285138942059,3
"42",0.3,"ASOBackcast","AllConditions","Merced",0.681496108678829,0.0661720652278942,0.318503891321171,3
"43",0.5,"ASOBackcast","AllConditions","Merced",0.753845683888241,0.0535200418076912,0.246154316111759,3
"44",0.7,"ASOBackcast","AllConditions","Merced",0.795969805613629,0.044757615133973,0.204030194386371,3
"45",0.9,"ASOBackcast","AllConditions","Merced",0.822826456500392,0.0381680967021507,0.177173543499608,3
"46",0.1,"StationForecastDrought","Drought","Merced",0.16456453324477,0.16456453324477,0.320119234940541,4
"47",0.3,"StationForecastDrought","Drought","Merced",0.316437503335904,0.316437503335904,0.28530953001587,4
"48",0.5,"StationForecastDrought","Drought","Merced",0.405163058700992,0.405163058700992,0.261242691514305,4
"49",0.7,"StationForecastDrought","Drought","Merced",0.46512464872259,0.46512464872259,0.243841013816642,4
"50",0.9,"StationForecastDrought","Drought","Merced",0.526004078919669,0.526004078919669,0.218464235533573,4
"51",0.1,"ASOForecastDrought","Drought","Merced",0.484683768185312,0.320119234940541,0.0159850512121848,4
"52",0.3,"ASOForecastDrought","Drought","Merced",0.601747033351775,0.28530953001587,0.0528919194832048,4
"53",0.5,"ASOForecastDrought","Drought","Merced",0.666405750215297,0.261242691514305,0.0621568070317315,4
"54",0.7,"ASOForecastDrought","Drought","Merced",0.708965662539231,0.243841013816642,0.0594313330269617,4
"55",0.9,"ASOForecastDrought","Drought","Merced",0.744468314453243,0.218464235533573,0.05263412420439,4
"56",0.1,"ASOBackcastDrought","Drought","Merced",0.500668819397497,0.0159850512121848,0.499331180602503,4
"57",0.3,"ASOBackcastDrought","Drought","Merced",0.65463895283498,0.0528919194832048,0.34536104716502,4
"58",0.5,"ASOBackcastDrought","Drought","Merced",0.728562557247028,0.0621568070317315,0.271437442752972,4
"59",0.7,"ASOBackcastDrought","Drought","Merced",0.768396995566193,0.0594313330269617,0.231603004433807,4
"60",0.9,"ASOBackcastDrought","Drought","Merced",0.797102438657633,0.05263412420439,0.202897561342367,4
