"","SnowFrac","Mode","Drought","Watershed","Skill","IncrementalSkill","UncertaintyContrib","BarNum"
"1",0.1,"StationForecast","AllConditions","Tuolumne",0.333614243726367,0.333614243726367,0.228751263455601,1
"2",0.3,"StationForecast","AllConditions","Tuolumne",0.526167598704092,0.526167598704092,0.173750657551752,1
"3",0.5,"StationForecast","AllConditions","Tuolumne",0.626915000293965,0.626915000293965,0.140559221120594,1
"4",0.7,"StationForecast","AllConditions","Tuolumne",0.688351713951595,0.688351713951595,0.119156515112713,1
"5",0.9,"StationForecast","AllConditions","Tuolumne",0.72863296907778,0.72863296907778,0.10514785903952,1
"6",0.1,"ASOForecast","AllConditions","Tuolumne",0.562365507181968,0.228751263455601,0.107792282769018,1
"7",0.3,"ASOForecast","AllConditions","Tuolumne",0.699918256255844,0.173750657551752,0.0836727025272979,1
"8",0.5,"ASOForecast","AllConditions","Tuolumne",0.767474221414559,0.140559221120594,0.0669129057871101,1
"9",0.7,"ASOForecast","AllConditions","Tuolumne",0.807508229064309,0.119156515112713,0.0559417869625697,1
"10",0.9,"ASOForecast","AllConditions","Tuolumne",0.833780828117299,0.10514785903952,0.0480127039302227,1
"11",0.1,"ASOBackcast","AllConditions","Tuolumne",0.670157789950986,0.107792282769018,0.329842210049014,1
"12",0.3,"ASOBackcast","AllConditions","Tuolumne",0.783590958783142,0.0836727025272979,0.216409041216858,1
"13",0.5,"ASOBackcast","AllConditions","Tuolumne",0.83438712720167,0.0669129057871101,0.16561287279833,1
"14",0.7,"ASOBackcast","AllConditions","Tuolumne",0.863450016026878,0.0559417869625697,0.136549983973122,1
"15",0.9,"ASOBackcast","AllConditions","Tuolumne",0.881793532047522,0.0480127039302227,0.118206467952478,1
"16",0.1,"StationForecastDrought","Drought","Tuolumne",0.368326951414149,0.368326951414149,0.201175985233523,2
"17",0.3,"StationForecastDrought","Drought","Tuolumne",0.505677508914194,0.505677508914194,0.165732338695916,2
"18",0.5,"StationForecastDrought","Drought","Tuolumne",0.579407763400083,0.579407763400083,0.144634297567296,2
"19",0.7,"StationForecastDrought","Drought","Tuolumne",0.626117522308152,0.626117522308152,0.132392262664179,2
"20",0.9,"StationForecastDrought","Drought","Tuolumne",0.669319567100854,0.669319567100854,0.11979347481696,2
"21",0.1,"ASOForecastDrought","Drought","Tuolumne",0.569502936647672,0.201175985233523,0.0813705932229822,2
"22",0.3,"ASOForecastDrought","Drought","Tuolumne",0.67140984761011,0.165732338695916,0.0925745199588223,2
"23",0.5,"ASOForecastDrought","Drought","Tuolumne",0.724042060967379,0.144634297567296,0.0907837032475636,2
"24",0.7,"ASOForecastDrought","Drought","Tuolumne",0.758509784972331,0.132392262664179,0.0818190710486804,2
"25",0.9,"ASOForecastDrought","Drought","Tuolumne",0.789113041917814,0.11979347481696,0.070622847268536,2
"26",0.1,"ASOBackcastDrought","Drought","Tuolumne",0.650873529870654,0.0813705932229822,0.349126470129346,2
"27",0.3,"ASOBackcastDrought","Drought","Tuolumne",0.763984367568932,0.0925745199588223,0.236015632431068,2
"28",0.5,"ASOBackcastDrought","Drought","Tuolumne",0.814825764214943,0.0907837032475636,0.185174235785057,2
"29",0.7,"ASOBackcastDrought","Drought","Tuolumne",0.840328856021012,0.0818190710486804,0.159671143978988,2
"30",0.9,"ASOBackcastDrought","Drought","Tuolumne",0.859735889186349,0.070622847268536,0.140264110813651,2
"31",0.1,"StationForecast","AllConditions","Merced",0.159919676187807,0.159919676187807,0.27854531353966,3
"32",0.3,"StationForecast","AllConditions","Merced",0.387085378374019,0.387085378374019,0.219524234289978,3
"33",0.5,"StationForecast","AllConditions","Merced",0.51009127767902,0.51009127767902,0.182759884525825,3
"34",0.7,"StationForecast","AllConditions","Merced",0.58660256986041,0.58660256986041,0.157963362620289,3
"35",0.9,"StationForecast","AllConditions","Merced",0.637267431599494,0.637267431599494,0.14117380780328,3
"36",0.1,"ASOForecast","AllConditions","Merced",0.438464989727467,0.27854531353966,0.0781473775369163,3
"37",0.3,"ASOForecast","AllConditions","Merced",0.606609612663997,0.219524234289978,0.0647725031646152,3
"38",0.5,"ASOForecast","AllConditions","Merced",0.692851162204844,0.182759884525825,0.0524409346657713,3
"39",0.7,"ASOForecast","AllConditions","Merced",0.744565932480699,0.157963362620289,0.0436816572257057,3
"40",0.9,"ASOForecast","AllConditions","Merced",0.778441239402774,0.14117380780328,0.0372123098581856,3
"41",0.1,"ASOBackcast","AllConditions","Merced",0.516612367264383,0.0781473775369163,0.483387632735617,3
"42",0.3,"ASOBackcast","AllConditions","Merced",0.671382115828612,0.0647725031646152,0.328617884171388,3
"43",0.5,"ASOBackcast","AllConditions","Merced",0.745292096870615,0.0524409346657713,0.254707903129385,3
"44",0.7,"ASOBackcast","AllConditions","Merced",0.788247589706405,0.0436816572257057,0.211752410293595,3
"45",0.9,"ASOBackcast","AllConditions","Merced",0.81565354926096,0.0372123098581856,0.18434645073904,3
"46",0.1,"StationForecastDrought","Drought","Merced",0.196149621186018,0.196149621186018,0.279068290737446,4
"47",0.3,"StationForecastDrought","Drought","Merced",0.358327471110785,0.358327471110785,0.235071270892561,4
"48",0.5,"StationForecastDrought","Drought","Merced",0.447240793966552,0.447240793966552,0.211761133395341,4
"49",0.7,"StationForecastDrought","Drought","Merced",0.506438183935678,0.506438183935678,0.195559078334964,4
"50",0.9,"StationForecastDrought","Drought","Merced",0.562015258695574,0.562015258695574,0.175919656493329,4
"51",0.1,"ASOForecastDrought","Drought","Merced",0.475217911923465,0.279068290737446,0.009887267400843,4
"52",0.3,"ASOForecastDrought","Drought","Merced",0.593398742003346,0.235071270892561,0.0487995271457518,4
"53",0.5,"ASOForecastDrought","Drought","Merced",0.659001927361893,0.211761133395341,0.0585841130829767,4
"54",0.7,"ASOForecastDrought","Drought","Merced",0.701997262270642,0.195559078334964,0.0560538356594127,4
"55",0.9,"ASOForecastDrought","Drought","Merced",0.737934915188903,0.175919656493329,0.0495214662680845,4
"56",0.1,"ASOBackcastDrought","Drought","Merced",0.485105179324308,0.009887267400843,0.514894820675692,4
"57",0.3,"ASOBackcastDrought","Drought","Merced",0.642198269149097,0.0487995271457518,0.357801730850903,4
"58",0.5,"ASOBackcastDrought","Drought","Merced",0.71758604044487,0.0585841130829767,0.28241395955513,4
"59",0.7,"ASOBackcastDrought","Drought","Merced",0.758051097930054,0.0560538356594127,0.241948902069946,4
"60",0.9,"ASOBackcastDrought","Drought","Merced",0.787456381456987,0.0495214662680845,0.212543618543013,4
